{
  "development": {
    "main": {
      "adapter": "postgres",
      "host": "localhost",
      "port": "5432",
      "user": "postgres",
      "password": "",
      "database": "blank_api_development"
    }
  },
  "test": {
    "main": {
      "adapter": "postgres",
      "host": "localhost",
      "port": "5432",
      "user": "postgres",
      "password": "",
      "database": "blank_api_test"
    }
  },
  "production": {
    "main": {
      "adapter": "postgres",
      "host": "{{= env.DATABASE_HOST }}",
      "port": "{{= env.DATABASE_PORT }}",
      "user": "{{= env.DATABASE_USER }}",
      "password": "{{= env.DATABASE_PASSWORD }}",
      "database": "{{= env.DATABASE_DB }}",
      "connectionString": "{{= env.DATABASE_URL }}"
    }
  }
}